Type	Melanoma_1	Melanoma_2	Melanoma_3	Melanoma_4	Melanoma_5	Melanoma_6	Melanoma_7	Melanoma_8	Melanoma_9	Melanoma_10	Lung_1	Lung_2	Lung_3	Lung_4	Lung_5	Lung_6	Lung_7	Lung_8	Lung_9	Lung_10	Lung_11	Lung_12	Lung_13	Lung_14	Lung_15	Lung_16	Lung_17	Lung_18	Lung_19	Lung_20	Breast_1	Breast_2	Breast_3	Breast_4	Breast_5	Breast_6	Breast_7	Breast_8	Breast_9	Breast_10	Breast_11	Breast_12	Breast_13	Breast_14	Breast_15	Breast_16	Breast_17	Breast_18	Breast_19	Breast_20
A[C>A]A	176	99	65	372	204	131	105	121	314	64	1016	1101	990	1063	1643	710	452	788	1080	782	84	160	156	83	128	92	172	128	141	238	617	211	605	396	626	564	480	408	622	340	164	91	69	97	129	168	150	110	89	183
A[C>A]C	67	53	29	156	74	43	59	33	113	27	730	797	741	690	1119	571	318	625	784	625	70	106	94	43	77	60	105	92	87	143	460	152	428	298	397	429	322	309	436	263	123	51	45	76	116	136	105	89	40	135
A[C>A]G	11	10	6	20	15	13	13	9	18	7	337	365	325	348	548	300	154	280	396	239	12	19	13	12	23	11	19	20	15	22	54	20	49	37	37	59	39	39	36	32	29	12	5	14	16	26	31	19	6	18
A[C>A]T	74	41	33	177	72	51	48	50	142	30	652	727	645	705	1043	533	307	559	786	523	45	71	77	34	69	47	81	91	79	115	351	124	341	232	384	364	236	229	300	176	100	51	37	53	61	93	85	53	34	85
A[C>G]A	27	35	10	43	11	14	40	15	37	18	160	199	198	150	259	152	81	167	165	176	49	119	78	69	102	70	108	116	101	126	556	198	531	358	465	535	367	354	495	325	100	48	59	75	117	118	117	98	41	155
A[C>G]C	19	19	6	37	15	15	27	15	29	12	85	95	76	76	122	60	37	53	77	92	39	57	54	27	56	43	63	52	56	64	303	117	301	199	266	330	230	208	278	208	60	32	33	40	60	72	58	58	20	82
A[C>G]G	16	9	3	15	21	12	12	14	27	9	40	48	39	31	66	28	14	29	43	31	11	22	15	11	20	11	16	22	21	37	10	8	11	12	21	13	6	17	8	9	20	10	7	21	22	25	16	12	12	27
A[C>G]T	28	38	14	57	36	19	51	12	64	16	99	146	114	108	161	90	52	75	105	129	57	111	92	70	115	52	117	108	101	118	457	159	405	400	385	502	316	361	433	292	100	54	42	83	117	132	125	91	43	158
A[C>T]A	156	234	97	230	95	76	172	56	174	107	273	326	411	315	487	230	124	251	295	396	245	419	325	239	386	234	398	429	338	467	451	177	453	361	429	456	301	373	426	340	374	170	177	238	360	418	373	366	142	548
A[C>T]C	658	718	587	766	715	706	970	693	830	938	127	172	175	145	204	108	44	105	115	180	119	185	171	108	196	132	187	232	162	204	339	149	331	269	303	361	269	272	319	251	196	93	107	127	209	243	193	195	66	262
A[C>T]G	1032	2093	1033	915	211	516	208	27	272	848	633	340	2553	1332	2296	53	81	682	276	1240	1235	1720	966	512	1070	515	451	1806	536	921	133	163	638	590	546	327	272	110	341	342	210	110	283	260	164	867	264	181	329	292
A[C>T]T	310	354	222	419	272	296	378	232	353	344	145	188	215	157	271	126	69	140	152	223	146	284	210	154	232	139	221	235	211	276	349	133	346	299	384	377	267	282	352	253	223	124	75	175	245	296	253	238	89	319
A[T>A]A	63	81	48	94	80	59	105	65	89	81	215	239	222	216	327	189	91	177	240	209	44	76	71	38	56	41	84	84	74	94	146	67	135	119	148	154	94	118	140	117	77	45	26	61	84	90	87	81	29	105
A[T>A]C	25	45	24	36	23	22	46	23	30	28	95	112	101	82	135	65	35	85	92	104	51	76	71	43	67	46	94	86	54	87	209	75	199	146	179	207	129	135	171	127	71	35	32	54	70	90	70	77	34	95
A[T>A]G	46	69	34	60	38	48	82	44	67	27	268	340	305	271	384	214	132	243	315	283	56	82	80	54	73	58	90	81	82	115	287	93	273	187	248	300	165	220	236	155	93	42	31	88	110	113	92	81	27	140
A[T>A]T	156	153	122	203	206	172	217	171	206	224	103	144	92	110	160	79	57	101	105	104	33	80	63	39	45	42	55	70	53	79	179	71	177	133	149	204	134	140	194	113	83	35	30	50	65	60	73	69	28	90
A[T>C]A	104	98	45	147	72	59	222	58	144	61	257	322	256	241	340	235	107	215	260	370	208	446	390	270	445	261	490	479	444	478	510	231	514	392	484	527	300	408	517	416	432	240	223	329	471	574	489	516	131	676
A[T>C]C	48	57	27	69	25	27	74	16	58	34	55	66	78	45	62	37	20	45	42	106	83	127	142	74	152	81	166	161	136	166	221	91	217	165	194	230	141	172	222	152	132	77	63	98	154	179	158	131	45	217
A[T>C]G	96	98	44	119	73	32	207	57	142	61	148	237	163	172	221	156	79	153	159	264	197	346	309	221	357	213	391	417	329	448	406	161	359	323	339	407	276	307	404	320	360	176	189	279	395	420	421	374	133	527
A[T>C]T	104	164	52	178	93	81	222	76	143	91	96	158	134	98	201	100	43	88	72	253	212	397	339	243	346	224	388	393	347	410	505	238	519	401	498	517	351	441	511	435	379	206	211	304	404	480	432	416	153	524
A[T>G]A	11	16	8	20	13	16	28	12	25	14	30	35	38	34	43	20	19	20	30	45	20	42	33	26	38	21	37	31	35	50	102	40	100	64	108	114	79	92	98	71	30	17	16	24	40	47	50	40	16	61
A[T>G]C	17	22	14	27	19	17	36	18	22	34	9	15	17	7	22	6	5	9	3	26	18	27	26	18	34	24	25	21	25	32	69	29	62	57	51	81	47	55	63	48	29	18	10	23	30	23	13	25	12	33
A[T>G]G	48	48	24	49	31	26	59	32	62	27	41	53	48	40	67	46	21	33	44	60	40	77	81	45	80	54	94	71	85	96	191	64	164	105	166	167	117	125	164	114	79	36	31	45	81	88	88	71	26	118
A[T>G]T	31	24	13	45	17	25	33	14	41	16	18	22	19	12	25	8	4	12	13	35	38	50	47	35	46	26	38	43	32	56	111	39	112	67	98	118	79	82	90	69	43	28	32	33	41	64	58	52	23	60
C[C>A]A	187	103	45	489	223	146	87	118	443	43	1897	2004	1757	1801	2782	1311	806	1417	1985	1369	84	145	126	51	78	70	118	92	83	206	751	189	632	445	746	700	509	430	639	331	177	61	46	85	98	117	114	79	98	100
C[C>A]C	77	61	32	136	81	55	57	47	122	49	1733	1953	1660	1615	2489	1261	786	1316	1934	1323	40	74	77	31	59	33	88	79	67	103	694	225	600	486	635	688	454	445	620	414	82	32	34	52	78	88	74	61	43	99
C[C>A]G	42	29	19	105	44	35	23	20	93	10	584	606	510	512	814	421	246	409	587	405	19	41	42	16	39	17	42	47	39	67	89	44	72	48	106	85	70	61	88	61	47	21	16	30	36	57	48	32	30	44
C[C>A]T	121	74	56	283	130	103	62	76	227	36	1581	1757	1396	1519	2251	1174	668	1195	1671	1107	48	99	94	41	66	38	89	81	70	138	439	128	421	300	463	471	297	303	404	225	93	42	30	48	65	93	80	50	53	71
C[C>G]A	18	17	13	21	14	8	36	14	19	19	148	190	159	170	247	144	88	152	189	161	43	65	43	39	57	34	73	77	63	87	530	202	487	374	427	529	315	329	477	326	75	27	18	37	77	78	79	66	22	89
C[C>G]C	41	29	17	44	31	25	59	23	41	15	178	201	151	166	231	120	84	133	180	155	41	86	69	57	90	44	104	89	96	104	354	147	387	247	316	365	261	263	356	220	87	44	34	75	94	98	107	98	34	120
C[C>G]G	25	19	12	54	27	23	23	16	45	22	90	90	69	77	144	61	38	70	98	76	17	24	31	14	26	11	22	38	20	29	54	10	44	43	50	53	30	36	45	36	31	20	9	26	28	33	23	28	6	37
C[C>G]T	32	37	17	68	32	24	61	21	62	30	159	163	156	161	244	116	85	124	185	153	53	77	83	55	76	58	100	99	96	100	607	206	591	446	502	602	418	430	538	361	99	43	39	67	104	121	133	86	42	143
C[C>T]A	1871	1937	1635	2240	2107	2062	2595	2024	2154	2701	329	374	305	328	479	265	161	279	316	307	107	192	195	98	173	127	197	207	192	232	427	160	423	321	439	481	317	346	416	309	194	95	80	142	198	231	219	209	64	250
C[C>T]C	2780	2619	2386	2964	3213	2973	3696	2977	3281	3878	268	352	305	283	423	244	155	246	321	275	89	192	188	134	184	101	218	166	191	244	545	209	493	420	511	596	394	406	514	362	221	127	82	165	212	223	203	185	64	274
C[C>T]G	921	1472	870	923	546	730	653	388	583	928	450	266	1412	834	1350	117	100	461	211	807	711	1021	714	386	659	357	374	1064	414	688	136	115	398	369	406	211	198	123	213	260	279	154	210	241	249	577	291	235	215	370
C[C>T]T	2163	2251	1900	2448	2414	2341	3081	2308	2530	3063	378	460	372	381	565	308	180	324	374	419	114	225	180	115	235	121	207	222	211	241	622	227	610	469	571	622	466	465	625	418	241	122	108	183	266	256	238	220	69	353
C[T>A]A	19	31	12	24	21	21	39	14	27	24	332	375	284	320	439	236	123	250	340	259	13	33	30	18	31	22	46	34	26	42	197	76	193	143	158	215	147	161	164	116	31	19	16	23	35	46	39	28	17	55
C[T>A]C	34	28	12	42	33	21	42	15	46	23	259	290	259	266	430	230	125	252	276	232	36	46	45	32	50	25	69	56	48	44	473	172	435	334	403	445	323	306	420	253	54	24	19	40	61	58	71	55	22	80
C[T>A]G	26	20	19	44	38	21	47	23	41	26	744	791	687	709	1021	555	321	565	802	537	30	58	41	32	49	34	46	49	48	71	343	104	335	259	278	360	233	248	365	197	49	29	19	25	57	53	63	65	21	54
C[T>A]T	16	23	8	30	16	15	29	14	24	19	271	309	227	265	399	220	113	232	298	214	34	48	31	32	39	30	45	47	35	59	359	92	297	227	307	364	215	237	350	170	42	25	17	36	55	44	64	39	18	70
C[T>C]A	44	41	25	58	24	35	91	35	81	54	129	136	136	110	152	102	48	123	134	149	53	125	115	74	120	75	128	134	132	143	262	102	209	219	226	262	162	219	257	188	124	54	61	94	139	143	137	120	47	191
C[T>C]C	42	55	27	64	27	32	57	26	67	26	84	84	87	78	119	69	37	63	77	112	50	98	100	70	106	72	109	117	115	108	331	136	370	279	337	401	278	292	364	266	91	61	56	71	101	109	116	105	42	180
C[T>C]G	49	54	14	81	44	31	99	21	77	38	151	163	146	137	234	127	67	127	163	211	117	200	181	124	165	143	201	193	202	208	282	124	294	221	251	304	202	261	308	237	208	93	87	149	206	239	227	200	61	281
C[T>C]T	124	113	86	131	124	107	165	100	127	114	80	108	92	68	117	85	43	70	82	131	86	156	136	107	145	91	147	131	134	177	432	159	407	314	383	467	308	344	397	268	133	68	66	97	148	192	139	170	62	209
C[T>G]A	3	12	7	10	8	10	21	6	16	3	25	30	25	15	32	22	6	15	24	35	11	21	24	10	21	15	22	23	23	25	109	44	122	77	105	128	86	89	96	82	16	13	12	19	38	33	34	32	6	36
C[T>G]C	28	22	15	41	21	16	30	16	43	21	19	40	22	15	26	22	11	16	17	34	28	36	47	37	32	17	64	47	37	57	209	68	175	123	159	190	142	140	153	150	55	25	23	31	46	55	43	48	17	61
C[T>G]G	36	21	17	40	34	24	52	31	38	24	93	89	91	88	137	62	38	71	91	121	40	44	50	45	61	38	74	57	70	74	296	103	274	194	236	273	179	198	241	184	60	24	34	43	67	68	68	60	23	83
C[T>G]T	21	17	5	47	21	12	28	11	49	7	54	47	52	41	75	34	17	24	40	59	41	76	71	51	62	38	78	79	74	71	205	75	183	131	193	201	137	146	182	138	84	35	29	43	88	87	86	67	22	111
G[C>A]A	294	109	78	626	343	184	103	147	581	26	804	1029	800	888	1582	570	390	671	818	669	116	174	206	72	109	117	194	150	136	291	396	76	282	164	532	336	298	203	285	151	236	96	66	133	161	159	171	102	128	143
G[C>A]C	52	34	13	121	46	35	45	36	106	11	770	878	713	738	1132	633	379	658	820	554	42	88	86	36	61	44	89	77	66	100	321	101	333	206	314	320	251	217	272	193	96	40	28	57	81	78	90	93	35	117
G[C>A]G	27	23	6	50	24	12	12	8	51	5	358	378	309	338	523	261	159	255	384	261	21	40	35	19	26	15	26	26	31	46	58	23	37	35	64	52	34	31	41	36	39	16	5	17	29	27	34	32	19	38
G[C>A]T	131	46	37	367	191	118	40	89	344	17	561	624	520	547	1046	391	266	387	560	413	68	105	127	48	66	47	117	83	71	158	378	84	308	217	425	303	286	221	319	182	164	49	29	67	78	94	98	62	75	104
G[C>G]A	8	8	2	25	7	5	18	3	14	6	112	152	120	108	183	97	42	80	140	115	17	42	37	31	48	18	56	46	47	63	327	113	326	262	293	346	219	237	302	179	38	22	21	31	50	41	56	38	17	50
G[C>G]C	18	16	9	15	10	19	28	14	26	17	129	125	133	132	198	87	66	136	119	125	24	48	44	30	51	22	47	52	46	59	211	92	217	182	180	251	148	161	238	133	50	19	23	47	58	57	54	60	18	66
G[C>G]G	8	16	2	11	8	8	14	3	14	4	86	90	70	73	102	55	26	48	88	67	11	12	13	5	23	7	13	13	20	13	71	24	61	47	72	60	54	43	66	36	20	3	6	6	15	13	19	17	4	21
G[C>G]T	16	26	5	26	14	16	32	5	27	12	67	86	80	71	122	64	42	71	86	78	29	57	63	32	48	35	74	67	79	79	379	112	364	273	370	401	279	247	345	237	70	34	41	50	68	78	73	70	22	92
G[C>T]A	85	73	30	119	76	48	104	36	115	47	142	181	158	170	274	110	58	122	130	196	104	231	196	118	174	137	235	209	204	210	448	185	435	334	456	513	307	384	420	312	228	87	82	129	228	228	233	182	68	254
G[C>T]C	464	472	380	613	549	502	716	530	582	636	152	155	150	123	200	120	72	111	146	183	105	241	190	133	198	125	238	216	208	260	375	127	375	269	375	409	286	281	371	297	226	96	87	159	264	251	272	233	62	320
G[C>T]G	571	1218	583	599	160	314	157	34	205	498	423	230	1508	778	1391	41	69	443	176	793	688	1048	637	323	689	354	409	1103	346	631	77	102	394	360	354	181	137	86	197	224	211	105	222	241	212	580	259	206	226	270
G[C>T]T	285	363	223	469	264	294	459	264	347	402	121	142	115	134	160	99	59	112	128	177	109	177	173	128	172	101	197	188	160	206	283	106	311	257	309	327	243	267	303	216	200	87	86	165	198	230	206	199	52	270
G[T>A]A	21	20	14	29	14	14	26	19	39	20	192	225	192	190	288	160	88	146	222	174	18	33	30	32	28	17	38	39	34	47	196	64	188	127	163	214	117	109	199	111	33	20	12	28	41	41	38	31	13	45
G[T>A]C	16	11	8	19	18	12	25	10	24	13	75	92	89	96	146	61	42	70	92	77	15	34	36	19	23	20	26	32	34	38	190	70	186	156	176	196	122	158	172	132	33	22	12	18	25	44	25	31	13	43
G[T>A]G	26	23	11	22	21	22	31	16	31	24	304	368	275	270	403	256	122	207	324	248	21	44	43	33	30	32	55	47	47	52	288	122	249	196	254	298	211	225	276	190	48	22	22	32	66	55	44	41	27	61
G[T>A]T	16	16	10	40	13	7	23	16	27	6	149	147	126	134	202	98	61	100	151	107	10	44	31	21	27	22	30	40	33	42	325	106	301	221	261	372	211	220	311	186	31	19	16	22	45	34	37	24	17	43
G[T>C]A	34	34	13	43	17	16	74	13	47	18	86	100	104	59	113	76	29	78	88	129	69	123	128	79	112	79	144	130	153	163	259	115	246	208	260	269	169	228	261	231	144	59	49	108	137	171	125	123	68	193
G[T>C]C	24	42	10	41	13	9	35	8	37	16	43	53	60	46	74	45	16	38	50	74	37	103	83	52	81	46	90	105	86	86	165	70	160	108	140	161	114	129	148	111	85	41	26	65	89	105	76	76	34	117
G[T>C]G	39	42	17	78	23	24	78	19	66	31	91	110	88	91	144	69	44	81	99	148	91	151	126	78	130	82	145	185	146	157	341	107	352	194	293	305	226	209	312	227	147	73	61	115	161	178	175	153	53	214
G[T>C]T	124	106	82	132	168	104	190	135	176	154	39	63	51	42	49	42	22	47	30	113	65	121	119	80	146	66	153	144	141	138	320	97	286	225	282	328	204	221	308	207	150	57	63	100	139	178	158	134	51	196
G[T>G]A	12	12	7	14	8	7	12	6	15	6	16	24	15	10	26	11	7	18	14	27	14	27	24	17	19	13	22	23	24	35	129	31	103	73	105	118	79	76	116	60	25	16	10	20	24	29	34	34	13	35
G[T>G]C	4	9	4	12	10	7	14	8	6	14	11	7	8	8	8	11	5	3	4	17	11	20	17	8	12	10	16	14	14	22	63	28	63	46	68	54	43	48	56	42	22	7	6	13	21	19	15	19	10	30
G[T>G]G	70	53	40	71	63	53	62	35	80	51	68	80	61	67	126	48	32	66	80	75	28	54	48	35	51	35	55	45	52	63	304	113	295	199	235	279	181	205	297	172	58	29	28	42	50	65	61	51	24	79
G[T>G]T	47	36	24	50	43	39	59	28	49	49	14	15	13	9	27	8	8	11	8	15	9	25	28	19	14	17	21	21	12	33	164	60	154	116	138	176	102	109	133	93	26	12	10	18	32	31	31	19	18	33
T[C>A]A	248	103	74	461	274	179	90	152	459	77	933	1090	912	993	1617	734	428	748	1037	776	81	120	132	60	73	52	129	89	96	201	336	112	294	187	419	301	250	180	281	161	192	78	54	83	101	133	111	69	96	140
T[C>A]C	189	113	79	338	209	134	120	123	317	62	1123	1267	1010	1033	1708	861	467	878	1166	849	66	129	113	53	99	80	150	111	103	193	558	163	460	346	523	535	345	339	484	282	159	67	50	99	108	127	122	101	70	136
T[C>A]G	39	25	7	80	37	34	19	28	82	10	253	299	242	259	464	195	100	202	254	205	16	32	35	16	25	19	44	30	21	45	63	19	46	25	78	55	46	34	60	36	49	16	12	25	27	37	32	24	23	33
T[C>A]T	327	160	81	782	383	266	116	211	725	54	1074	1241	1045	1099	1948	777	500	805	1061	847	134	203	192	87	132	111	208	152	165	335	500	111	392	216	665	348	403	249	377	194	307	101	71	138	172	208	179	138	139	194
T[C>G]A	30	23	9	33	29	12	36	13	31	9	91	94	75	92	140	85	40	73	92	115	41	80	64	43	68	47	84	65	80	100	310	139	347	238	292	355	248	245	338	232	73	42	32	58	94	97	92	78	20	113
T[C>G]C	44	41	23	82	39	48	65	36	68	36	140	170	150	139	237	118	58	115	165	163	31	67	82	51	69	34	89	77	63	93	515	172	506	402	478	583	329	397	502	318	97	46	33	56	100	100	93	72	31	109
T[C>G]G	12	10	4	12	10	6	8	10	17	1	38	53	44	35	58	27	24	23	46	32	8	12	14	9	8	18	20	13	20	26	18	5	24	11	14	15	10	20	16	18	18	14	6	20	25	19	14	17	6	21
T[C>G]T	40	61	17	69	35	32	66	31	64	28	103	121	109	103	154	90	38	81	112	150	51	136	125	86	113	61	145	142	127	138	595	240	651	428	538	650	407	493	618	412	144	60	67	93	148	164	130	118	42	180
T[C>T]A	2456	4009	2627	5202	2097	3049	4544	2583	3416	4690	120	143	135	129	197	122	61	103	138	200	95	208	192	130	186	117	223	221	228	260	210	63	184	157	197	195	138	155	209	166	222	93	99	155	196	248	225	202	88	279
T[C>T]C	6002	7241	5543	9218	6171	6919	9271	6422	7470	9832	165	235	210	240	307	162	97	164	205	242	125	224	214	123	192	152	255	221	212	268	403	149	376	309	383	404	299	304	367	285	227	119	108	195	270	261	252	221	79	333
T[C>T]G	1764	2396	1655	2486	1656	1817	2459	1608	1972	2555	217	151	772	447	772	53	46	234	114	464	436	654	425	214	454	238	276	636	259	467	92	80	213	221	231	136	112	86	155	162	199	111	148	169	211	432	266	205	171	269
T[C>T]T	2408	2795	2205	3465	2460	2636	3716	2573	2943	3739	206	259	229	179	304	162	77	167	194	221	103	212	193	136	180	128	226	199	186	248	252	102	260	206	228	261	170	202	250	218	245	98	88	162	236	260	249	204	80	332
T[T>A]A	102	91	70	139	81	78	96	76	125	71	194	241	238	244	406	168	97	187	193	227	52	93	74	48	86	47	77	100	73	110	197	73	211	168	177	202	145	123	179	142	72	27	39	61	73	83	88	70	34	94
T[T>A]C	40	40	28	61	44	46	61	45	64	33	98	112	120	106	190	76	54	96	114	90	31	36	39	27	36	30	53	33	42	44	281	93	297	192	257	308	177	195	266	168	47	22	15	24	54	46	46	46	14	68
T[T>A]G	35	33	13	36	33	30	41	31	42	34	204	242	201	187	326	149	92	192	233	175	22	53	40	25	44	35	49	34	39	59	181	68	188	153	189	175	108	126	178	112	53	21	14	38	50	53	59	51	13	72
T[T>A]T	40	55	26	90	41	29	55	37	57	31	148	157	144	160	235	93	64	142	149	142	52	108	98	52	90	51	103	98	91	105	352	133	326	247	305	380	250	244	348	223	78	53	52	75	101	89	104	89	39	137
T[T>C]A	125	136	95	154	122	97	232	130	178	158	68	92	110	72	115	72	44	78	91	121	95	158	172	93	166	104	195	146	162	183	417	155	362	315	368	460	282	348	397	250	169	89	83	122	173	232	211	170	53	276
T[T>C]C	73	80	42	106	56	62	90	44	91	57	39	47	57	57	80	33	18	23	27	92	66	125	96	76	77	60	111	108	103	120	232	94	276	202	245	262	169	170	225	166	107	56	37	78	114	122	129	90	37	122
T[T>C]G	88	75	51	89	70	64	129	71	88	77	73	67	78	64	93	69	34	51	56	109	65	133	105	89	121	67	122	134	125	139	210	76	215	128	196	211	140	155	197	136	113	56	53	79	120	151	142	129	49	202
T[T>C]T	91	127	63	128	80	63	134	83	144	108	59	76	76	52	93	61	15	52	42	134	99	196	172	117	180	131	191	195	154	223	399	137	357	278	361	413	279	268	409	284	168	87	92	143	229	224	209	217	76	260
T[T>G]A	22	18	13	31	23	17	27	20	38	22	11	21	15	18	17	18	3	18	11	33	28	37	57	38	45	32	62	61	38	58	203	71	192	146	167	202	122	137	175	122	42	26	24	31	51	54	62	45	16	66
T[T>G]C	32	32	23	45	38	29	70	32	51	40	13	19	19	15	35	20	11	11	10	49	32	64	75	35	52	46	69	71	60	77	185	70	163	112	185	189	136	124	180	127	65	40	26	52	73	73	85	70	22	93
T[T>G]G	34	24	13	38	34	29	35	25	44	27	73	72	62	57	91	54	20	52	61	78	44	55	60	48	77	32	69	69	63	76	242	88	197	150	213	237	152	164	206	150	78	35	25	51	84	77	69	62	22	109
T[T>G]T	55	52	20	89	44	32	89	43	89	39	37	50	48	40	75	42	12	30	40	92	71	129	128	80	130	86	143	158	145	148	309	112	276	221	271	324	211	230	323	216	155	63	55	106	145	167	143	135	48	206
